id,tour,gender,type,stage,title,start,end,city,state_country,tourUrl,signupUrl,mondayUrl,mondayDate
minor-league-golf-tour-2026-08-10-banyan-creek-golf-club-palm-city,Minor League Golf Tour,Men,Event,,Banyan Creek Golf Club,2026-08-10,2026-08-10,Palm City,"Palm City, FL, USA",https://www.minorleaguegolf.com/index_events.asp,https://www.minorleaguegolf.com/welcomereg2017.asp?event_ID=5157,,
minor-league-golf-tour-2026-08-10-banyan-creek-golf-club-palm-city,Minor League Golf Tour,Men,Training Division,,Banyan Creek Golf Club,2026-08-10,2026-08-10,Palm City,"Palm City, FL, USA",https://www.minorleaguegolf.com/index_events.asp,https://www.minorleaguegolf.com/welcomereg2017.asp?event_ID=5332,,
minor-league-golf-tour-2026-08-11-banyan-creek-golf-club-palm-city,Minor League Golf Tour,Men,Event,,Banyan Creek Golf Club,2026-08-11,2026-08-11,Palm City,"Palm City, FL, USA",https://www.minorleaguegolf.com/index_events.asp,https://www.minorleaguegolf.com/welcomereg2017.asp?event_ID=5331,,
minor-league-golf-tour-2026-08-11-banyan-creek-golf-club-palm-city,Minor League Golf Tour,Men,Training Division,,Banyan Creek Golf Club,2026-08-11,2026-08-11,Palm City,"Palm City, FL, USA",https://www.minorleaguegolf.com/index_events.asp,https://www.minorleaguegolf.com/welcomereg2017.asp?event_ID=5333,,
minor-league-golf-tour-2026-08-17-the-florida-club-par-71-stuart,Minor League Golf Tour,Men,Event,,The Florida Club - Par 71,2026-08-17,2026-08-17,Stuart,"Stuart, FL, USA",https://www.minorleaguegolf.com/index_events.asp,https://www.minorleaguegolf.com/welcomereg2017.asp?event_ID=5387,,
minor-league-golf-tour-2026-08-17-the-florida-club-par-71-stuart,Minor League Golf Tour,Men,Training Division,,The Florida Club - Par 71,2026-08-17,2026-08-17,Stuart,"Stuart, FL, USA",https://www.minorleaguegolf.com/index_events.asp,https://www.minorleaguegolf.com/welcomereg2017.asp?event_ID=5388,,
minor-league-golf-tour-2026-08-19-indian-spring-cc-west-course-par-70-boynton-beach,Minor League Golf Tour,Men,Event,,Indian Spring CC - West Course - Par 70,2026-08-19,2026-08-19,Boynton Beach,"Boynton Beach, FL, USA",https://www.minorleaguegolf.com/index_events.asp,https://www.minorleaguegolf.com/welcomereg2017.asp?event_ID=5316,,
minor-league-golf-tour-2026-08-19-indian-spring-cc-west-course-par-70-boynton-beach,Minor League Golf Tour,Men,Training Division,,Indian Spring CC - West Course - Par 70,2026-08-19,2026-08-19,Boynton Beach,"Boynton Beach, FL, USA",https://www.minorleaguegolf.com/index_events.asp,https://www.minorleaguegolf.com/welcomereg2017.asp?event_ID=5318,,
minor-league-golf-tour-2026-08-20-2nd-day-shootout-players-outside-the-money-eligible-boynton-beach,Minor League Golf Tour,Men,Event,,2nd Day Shootout - Players outside the money eligible,2026-08-20,2026-08-20,Boynton Beach,"Boynton Beach, FL, USA",https://www.minorleaguegolf.com/index_events.asp,https://www.minorleaguegolf.com/welcomereg2017.asp?event_ID=5317,,
minor-league-golf-tour-2026-08-20-indian-spring-cc-west-course-par-70-boynton-beach,Minor League Golf Tour,Men,Training Division,,Indian Spring CC - West Course - Par 70,2026-08-20,2026-08-20,Boynton Beach,"Boynton Beach, FL, USA",https://www.minorleaguegolf.com/index_events.asp,https://www.minorleaguegolf.com/welcomereg2017.asp?event_ID=5319,,
minor-league-golf-tour-2026-08-24-astor-creek-golf-and-country-club-port-st-lucie,Minor League Golf Tour,Men,Event,,Astor Creek Golf & Country Club,2026-08-24,2026-08-24,Port St. Lucie,"Port St. Lucie, FL, USA",https://www.minorleaguegolf.com/index_events.asp,https://www.minorleaguegolf.com/welcomereg2017.asp?event_ID=5233,,
minor-league-golf-tour-2026-08-26-astor-creek-golf-and-country-club-port-st-lucie,Minor League Golf Tour,Men,Event,,Astor Creek Golf & Country Club,2026-08-26,2026-08-26,Port St. Lucie,"Port St. Lucie, FL, USA",https://www.minorleaguegolf.com/index_events.asp,https://www.minorleaguegolf.com/welcomereg2017.asp?event_ID=5234,,
minor-league-golf-tour-2026-08-26-astor-creek-golf-and-country-club-port-st-lucie,Minor League Golf Tour,Men,Training Division,,Astor Creek Golf & Country Club,2026-08-26,2026-08-26,Port St. Lucie,"Port St. Lucie, FL, USA",https://www.minorleaguegolf.com/index_events.asp,https://www.minorleaguegolf.com/welcomereg2017.asp?event_ID=5235,,
minor-league-golf-tour-2026-08-31-pga-national-champ-par-71-palm-beach-gardens,Minor League Golf Tour,Men,Event,,PGA National - Champ - Par 71,2026-08-31,2026-08-31,Palm Beach Gardens,"Palm Beach Gardens, FL, USA",https://www.minorleaguegolf.com/index_events.asp,https://www.minorleaguegolf.com/welcomereg2017.asp?event_ID=5158,,
minor-league-golf-tour-2026-08-31-pga-national-champ-par-71-palm-beach-gardens,Minor League Golf Tour,Men,Training Division,,PGA National - Champ - Par 71,2026-08-31,2026-08-31,Palm Beach Gardens,"Palm Beach Gardens, FL, USA",https://www.minorleaguegolf.com/index_events.asp,https://www.minorleaguegolf.com/welcomereg2017.asp?event_ID=5288,,
minor-league-golf-tour-2026-09-01-2nd-day-shootout-players-outside-the-money-eligible-palm-beach-gardens,Minor League Golf Tour,Men,Event,,2nd Day Shootout - Players outside the money eligible,2026-09-01,2026-09-01,Palm Beach Gardens,"Palm Beach Gardens, FL, USA",https://www.minorleaguegolf.com/index_events.asp,https://www.minorleaguegolf.com/welcomereg2017.asp?event_ID=5287,,
minor-league-golf-tour-2026-09-01-pga-national-champ-par-71-palm-beach-gardens,Minor League Golf Tour,Men,Training Division,,PGA National - Champ - Par 71,2026-09-01,2026-09-01,Palm Beach Gardens,"Palm Beach Gardens, FL, USA",https://www.minorleaguegolf.com/index_events.asp,https://www.minorleaguegolf.com/welcomereg2017.asp?event_ID=5289,,
minor-league-golf-tour-2026-09-03-harbour-ridge-summer-classic-palm-city,Minor League Golf Tour,Men,Event,,Harbour Ridge Summer Classic,2026-09-03,2026-09-03,Palm City,"Palm City, FL, USA",https://www.minorleaguegolf.com/index_events.asp,https://www.minorleaguegolf.com/welcomereg2017.asp?event_ID=5369,,
minor-league-golf-tour-2026-09-03-harbour-ridge-cc-golden-marsh-palm-city,Minor League Golf Tour,Men,Training Division,,Harbour Ridge CC - Golden Marsh,2026-09-03,2026-09-03,Palm City,"Palm City, FL, USA",https://www.minorleaguegolf.com/index_events.asp,https://www.minorleaguegolf.com/welcomereg2017.asp?event_ID=5370,,
minor-league-golf-tour-2026-09-08-indian-spring-east-summer-classic-boynton-beach,Minor League Golf Tour,Men,Event,,Indian Spring East Summer Classic,2026-09-08,2026-09-08,Boynton Beach,"Boynton Beach, FL, USA",https://www.minorleaguegolf.com/index_events.asp,https://www.minorleaguegolf.com/welcomereg2017.asp?event_ID=5320,,
minor-league-golf-tour-2026-09-08-indian-spring-east-course-par-71-boynton-beach,Minor League Golf Tour,Men,Training Division,,Indian Spring - East Course - Par 71,2026-09-08,2026-09-08,Boynton Beach,"Boynton Beach, FL, USA",https://www.minorleaguegolf.com/index_events.asp,https://www.minorleaguegolf.com/welcomereg2017.asp?event_ID=5321,,
minor-league-golf-tour-2026-09-09-atlantic-national-golf-club-lake-worth,Minor League Golf Tour,Men,Event,,Atlantic National Golf Club,2026-09-09,2026-09-09,Lake Worth,"Lake Worth, FL, USA",https://www.minorleaguegolf.com/index_events.asp,https://www.minorleaguegolf.com/welcomereg2017.asp?event_ID=5260,,
minor-league-golf-tour-2026-09-09-atlantic-national-golf-club-lake-worth,Minor League Golf Tour,Men,Training Division,,Atlantic National Golf Club,2026-09-09,2026-09-09,Lake Worth,"Lake Worth, FL, USA",https://www.minorleaguegolf.com/index_events.asp,https://www.minorleaguegolf.com/welcomereg2017.asp?event_ID=5262,,
minor-league-golf-tour-2026-09-10-atlantic-national-golf-club-lake-worth,Minor League Golf Tour,Men,Event,,Atlantic National Golf Club,2026-09-10,2026-09-10,Lake Worth,"Lake Worth, FL, USA",https://www.minorleaguegolf.com/index_events.asp,https://www.minorleaguegolf.com/welcomereg2017.asp?event_ID=5261,,
minor-league-golf-tour-2026-09-10-atlantic-national-golf-club-lake-worth,Minor League Golf Tour,Men,Training Division,,Atlantic National Golf Club,2026-09-10,2026-09-10,Lake Worth,"Lake Worth, FL, USA",https://www.minorleaguegolf.com/index_events.asp,https://www.minorleaguegolf.com/welcomereg2017.asp?event_ID=5263,,
minor-league-golf-tour-2026-09-13-innisbrook-copperhead-palm-harbor,Minor League Golf Tour,Men,Event,,Innisbrook - Copperhead,2026-09-13,2026-09-13,Palm Harbor,"Palm Harbor, FL, USA",https://www.minorleaguegolf.com/index_events.asp,https://www.minorleaguegolf.com/welcomereg2017.asp?event_ID=5246,,
minor-league-golf-tour-2026-09-15-innisbrook-copperhead-palm-harbor,Minor League Golf Tour,Men,Event,,Innisbrook - Copperhead,2026-09-15,2026-09-15,Palm Harbor,"Palm Harbor, FL, USA",https://www.minorleaguegolf.com/index_events.asp,https://www.minorleaguegolf.com/welcomereg2017.asp?event_ID=5247,,
minor-league-golf-tour-2026-09-22-abacoa-golf-club-par-71-jupiter,Minor League Golf Tour,Men,Event,,Abacoa Golf Club - Par 71,2026-09-22,2026-09-22,Jupiter,"Jupiter, FL, USA",https://www.minorleaguegolf.com/index_events.asp,https://www.minorleaguegolf.com/welcomereg2017.asp?event_ID=5270,,
minor-league-golf-tour-2026-09-22-abacoa-golf-club-par-71-jupiter,Minor League Golf Tour,Men,Training Division,,Abacoa Golf Club - Par 71,2026-09-22,2026-09-22,Jupiter,"Jupiter, FL, USA",https://www.minorleaguegolf.com/index_events.asp,https://www.minorleaguegolf.com/welcomereg2017.asp?event_ID=5271,,
minor-league-golf-tour-2026-09-23-pga-national-fazio-palm-beach-gardens,Minor League Golf Tour,Men,Event,,PGA National - Fazio,2026-09-23,2026-09-23,Palm Beach Gardens,"Palm Beach Gardens, FL, USA",https://www.minorleaguegolf.com/index_events.asp,https://www.minorleaguegolf.com/welcomereg2017.asp?event_ID=5294,,
minor-league-golf-tour-2026-09-23-pga-national-fazio-palm-beach-gardens,Minor League Golf Tour,Men,Training Division,,PGA National - Fazio,2026-09-23,2026-09-23,Palm Beach Gardens,"Palm Beach Gardens, FL, USA",https://www.minorleaguegolf.com/index_events.asp,https://www.minorleaguegolf.com/welcomereg2017.asp?event_ID=5296,,
minor-league-golf-tour-2026-09-24-2nd-day-shootout-players-outside-the-money-eligible-palm-beach-gardens,Minor League Golf Tour,Men,Event,,2nd Day Shootout - Players outside the money eligible,2026-09-24,2026-09-24,Palm Beach Gardens,"Palm Beach Gardens, FL, USA",https://www.minorleaguegolf.com/index_events.asp,https://www.minorleaguegolf.com/welcomereg2017.asp?event_ID=5295,,
minor-league-golf-tour-2026-09-24-pga-national-fazio-palm-beach-gardens,Minor League Golf Tour,Men,Training Division,,PGA National - Fazio,2026-09-24,2026-09-24,Palm Beach Gardens,"Palm Beach Gardens, FL, USA",https://www.minorleaguegolf.com/index_events.asp,https://www.minorleaguegolf.com/welcomereg2017.asp?event_ID=5297,,
minor-league-golf-tour-2026-09-28-2026-match-play-championship-presented-by-britto-and-herman-injury-lawyers-2k-ad-palm-beach-gardens,Minor League Golf Tour,Men,Event,,2026 Match Play Championship presented by Britto & Herman Injury Lawyers - $2K ADDED MONEY!,2026-09-28,2026-09-28,Palm Beach Gardens,"Palm Beach Gardens, FL, USA",https://www.minorleaguegolf.com/index_events.asp,https://www.minorleaguegolf.com/welcomereg2017.asp?event_ID=5298,,
minor-league-golf-tour-2026-10-01-pga-national-match-palm-beach-gardens,Minor League Golf Tour,Men,Event,,PGA National - Match,2026-10-01,2026-10-01,Palm Beach Gardens,"Palm Beach Gardens, FL, USA",https://www.minorleaguegolf.com/index_events.asp,https://www.minorleaguegolf.com/welcomereg2017.asp?event_ID=5299,,
minor-league-golf-tour-2026-10-05-indian-spring-east-course-par-71-boynton-beach,Minor League Golf Tour,Men,Event,,Indian Spring - East Course - Par 71,2026-10-05,2026-10-05,Boynton Beach,"Boynton Beach, FL, USA",https://www.minorleaguegolf.com/index_events.asp,https://www.minorleaguegolf.com/welcomereg2017.asp?event_ID=5322,,
minor-league-golf-tour-2026-10-05-indian-spring-east-course-par-71-boynton-beach,Minor League Golf Tour,Men,Training Division,,Indian Spring - East Course - Par 71,2026-10-05,2026-10-05,Boynton Beach,"Boynton Beach, FL, USA",https://www.minorleaguegolf.com/index_events.asp,https://www.minorleaguegolf.com/welcomereg2017.asp?event_ID=5324,,
minor-league-golf-tour-2026-10-06-2nd-day-shootout-players-outside-the-money-eligible-boynton-beach,Minor League Golf Tour,Men,Event,,2nd Day Shootout - Players outside the money eligible,2026-10-06,2026-10-06,Boynton Beach,"Boynton Beach, FL, USA",https://www.minorleaguegolf.com/index_events.asp,https://www.minorleaguegolf.com/welcomereg2017.asp?event_ID=5323,,
minor-league-golf-tour-2026-10-06-indian-spring-east-course-par-71-boynton-beach,Minor League Golf Tour,Men,Training Division,,Indian Spring - East Course - Par 71,2026-10-06,2026-10-06,Boynton Beach,"Boynton Beach, FL, USA",https://www.minorleaguegolf.com/index_events.asp,https://www.minorleaguegolf.com/welcomereg2017.asp?event_ID=5325,,
minor-league-golf-tour-2026-10-12-2026-visit-sebring-classic-2k-added-money-sebring,Minor League Golf Tour,Men,Event,,2026 Visit Sebring Classic - $2K ADDED MONEY!,2026-10-12,2026-10-12,Sebring,"Sebring, FL, USA",https://www.minorleaguegolf.com/index_events.asp,https://www.minorleaguegolf.com/welcomereg2017.asp?event_ID=5278,,
minor-league-golf-tour-2026-10-14-sun-n-lake-deer-run-sebring,Minor League Golf Tour,Men,Event,,Sun 'N Lake - Deer Run,2026-10-14,2026-10-14,Sebring,"Sebring, FL, USA",https://www.minorleaguegolf.com/index_events.asp,https://www.minorleaguegolf.com/welcomereg2017.asp?event_ID=5279,,
minor-league-golf-tour-2026-10-19-fountains-country-club-west-course-lake-worth,Minor League Golf Tour,Men,Event,,Fountains Country Club - West Course,2026-10-19,2026-10-19,Lake Worth,"Lake Worth, FL, USA",https://www.minorleaguegolf.com/index_events.asp,https://www.minorleaguegolf.com/welcomereg2017.asp?event_ID=5342,,
minor-league-golf-tour-2026-10-19-fountains-country-club-west-course-lake-worth,Minor League Golf Tour,Men,Training Division,,Fountains Country Club - West Course,2026-10-19,2026-10-19,Lake Worth,"Lake Worth, FL, USA",https://www.minorleaguegolf.com/index_events.asp,https://www.minorleaguegolf.com/welcomereg2017.asp?event_ID=5343,,
minor-league-golf-tour-2026-10-20-abacoa-golf-club-par-71-jupiter,Minor League Golf Tour,Men,Event,,Abacoa Golf Club - Par 71,2026-10-20,2026-10-20,Jupiter,"Jupiter, FL, USA",https://www.minorleaguegolf.com/index_events.asp,https://www.minorleaguegolf.com/welcomereg2017.asp?event_ID=5272,,
minor-league-golf-tour-2026-10-20-abacoa-golf-club-par-71-jupiter,Minor League Golf Tour,Men,Training Division,,Abacoa Golf Club - Par 71,2026-10-20,2026-10-20,Jupiter,"Jupiter, FL, USA",https://www.minorleaguegolf.com/index_events.asp,https://www.minorleaguegolf.com/welcomereg2017.asp?event_ID=5273,,
minor-league-golf-tour-2026-11-03-abacoa-golf-club-par-71-jupiter,Minor League Golf Tour,Men,Event,,Abacoa Golf Club - Par 71,2026-11-03,2026-11-03,Jupiter,"Jupiter, FL, USA",https://www.minorleaguegolf.com/index_events.asp,https://www.minorleaguegolf.com/welcomereg2017.asp?event_ID=5274,,
minor-league-golf-tour-2026-11-03-abacoa-golf-club-par-71-jupiter,Minor League Golf Tour,Men,Training Division,,Abacoa Golf Club - Par 71,2026-11-03,2026-11-03,Jupiter,"Jupiter, FL, USA",https://www.minorleaguegolf.com/index_events.asp,https://www.minorleaguegolf.com/welcomereg2017.asp?event_ID=5275,,
minor-league-golf-tour-2026-11-18-2026-citrus-golf-trail-open-2k-added-money-sebring,Minor League Golf Tour,Men,Event,,2026 Citrus Golf Trail Open - $2K ADDED MONEY!,2026-11-18,2026-11-18,Sebring,"Sebring, FL, USA",https://www.minorleaguegolf.com/index_events.asp,https://www.minorleaguegolf.com/welcomereg2017.asp?event_ID=5280,,
minor-league-golf-tour-2026-11-20-sun-n-lake-deer-run-sebring,Minor League Golf Tour,Men,Event,,Sun 'N Lake - Deer Run,2026-11-20,2026-11-20,Sebring,"Sebring, FL, USA",https://www.minorleaguegolf.com/index_events.asp,https://www.minorleaguegolf.com/welcomereg2017.asp?event_ID=5281,,
minor-league-golf-tour-2026-11-30-eagle-landing-golf-club-orange-park,Minor League Golf Tour,Men,Event,,Eagle Landing Golf Club,2026-11-30,2026-11-30,Orange Park,"Orange Park, FL, USA",https://www.minorleaguegolf.com/index_events.asp,https://www.minorleaguegolf.com/welcomereg2017.asp?event_ID=5392,,
minor-league-golf-tour-2026-12-02-eagle-landing-golf-club-orange-park,Minor League Golf Tour,Men,Event,,Eagle Landing Golf Club,2026-12-02,2026-12-02,Orange Park,"Orange Park, FL, USA",https://www.minorleaguegolf.com/index_events.asp,https://www.minorleaguegolf.com/welcomereg2017.asp?event_ID=5393,,
minor-league-golf-tour-2026-12-09-atlantis-country-club-atlantis,Minor League Golf Tour,Men,Event,,Atlantis Country Club,2026-12-09,2026-12-09,Atlantis,"Atlantis, FL, USA",https://www.minorleaguegolf.com/index_events.asp,https://www.minorleaguegolf.com/welcomereg2017.asp?event_ID=5395,,
minor-league-golf-tour-2026-12-10-palm-beach-par-3-palm-beach,Minor League Golf Tour,Men,Event,,Palm Beach Par 3,2026-12-10,2026-12-10,Palm Beach,"Palm Beach, FL, USA",https://www.minorleaguegolf.com/index_events.asp,https://www.minorleaguegolf.com/welcomereg2017.asp?event_ID=5394,,
minor-league-golf-tour-2026-12-15-abacoa-golf-club-par-71-jupiter,Minor League Golf Tour,Men,Event,,Abacoa Golf Club - Par 71,2026-12-15,2026-12-15,Jupiter,"Jupiter, FL, USA",https://www.minorleaguegolf.com/index_events.asp,https://www.minorleaguegolf.com/welcomereg2017.asp?event_ID=5276,,
minor-league-golf-tour-2026-12-16-abacoa-golf-club-par-71-jupiter,Minor League Golf Tour,Men,Event,,Abacoa Golf Club - Par 71,2026-12-16,2026-12-16,Jupiter,"Jupiter, FL, USA",https://www.minorleaguegolf.com/index_events.asp,https://www.minorleaguegolf.com/welcomereg2017.asp?event_ID=5277,,
minor-league-golf-tour-2026-12-17-winter-break-december-17-january-3-stuart,Minor League Golf Tour,Men,Event,,WINTER BREAK (December 17 - January 3),2026-12-17,2026-12-17,Stuart,"Stuart, FL, USA",https://www.minorleaguegolf.com/index_events.asp,https://www.minorleaguegolf.com/welcomereg2017.asp?event_ID=5232,,
minor-league-golf-tour-2026-12-31-2026-monday-qualifier-contest-5-presented-by-abacoa-gc-stuart,Minor League Golf Tour,Men,Event,,2026 Monday Qualifier Contest #5 presented by Abacoa GC,2026-12-31,2026-12-31,Stuart,"Stuart, FL, USA",https://www.minorleaguegolf.com/index_events.asp,https://www.minorleaguegolf.com/welcomereg2017.asp?event_ID=5163,,
minor-league-golf-tour-2026-12-31-2026-monday-qualifier-contest-6-presented-by-abacoa-gc-stuart,Minor League Golf Tour,Men,Event,,2026 Monday Qualifier Contest #6 presented by Abacoa GC,2026-12-31,2026-12-31,Stuart,"Stuart, FL, USA",https://www.minorleaguegolf.com/index_events.asp,https://www.minorleaguegolf.com/welcomereg2017.asp?event_ID=5164,,
minor-league-golf-tour-2026-12-31-2026-monday-qualifier-contest-7-presented-by-abacoa-gc-stuart,Minor League Golf Tour,Men,Event,,2026 Monday Qualifier Contest #7 presented by Abacoa GC,2026-12-31,2026-12-31,Stuart,"Stuart, FL, USA",https://www.minorleaguegolf.com/index_events.asp,https://www.minorleaguegolf.com/welcomereg2017.asp?event_ID=5165,,
minor-league-golf-tour-2027-01-07-country-club-of-coral-springs-new-par-70-coral-springs,Minor League Golf Tour,Men,Event,,Country Club of Coral Springs - New Par 70,2027-01-07,2027-01-07,Coral Springs,"Coral Springs, FL, USA",https://www.minorleaguegolf.com/index_events.asp,https://www.minorleaguegolf.com/welcomereg2017.asp?event_ID=5383,,
minor-league-golf-tour-2027-01-07-country-club-of-coral-springs-new-par-70-coral-springs,Minor League Golf Tour,Men,Training Division,,Country Club of Coral Springs - New Par 70,2027-01-07,2027-01-07,Coral Springs,"Coral Springs, FL, USA",https://www.minorleaguegolf.com/index_events.asp,https://www.minorleaguegolf.com/welcomereg2017.asp?event_ID=5384,,
minor-league-golf-tour-2027-01-18-country-club-of-coral-springs-new-par-70-coral-springs,Minor League Golf Tour,Men,Event,,Country Club of Coral Springs - New Par 70,2027-01-18,2027-01-18,Coral Springs,"Coral Springs, FL, USA",https://www.minorleaguegolf.com/index_events.asp,https://www.minorleaguegolf.com/welcomereg2017.asp?event_ID=5385,,
minor-league-golf-tour-2027-01-19-country-club-of-coral-springs-new-par-70-coral-springs,Minor League Golf Tour,Men,Event,,Country Club of Coral Springs - New Par 70,2027-01-19,2027-01-19,Coral Springs,"Coral Springs, FL, USA",https://www.minorleaguegolf.com/index_events.asp,https://www.minorleaguegolf.com/welcomereg2017.asp?event_ID=5386,,
minor-league-golf-tour-2027-02-01-eagle-harbor-golf-club-orange-park,Minor League Golf Tour,Men,Event,,Eagle Harbor Golf Club,2027-02-01,2027-02-01,Orange Park,"Orange Park, FL, USA",https://www.minorleaguegolf.com/index_events.asp,https://www.minorleaguegolf.com/welcomereg2017.asp?event_ID=5389,,
minor-league-golf-tour-2027-02-03-eagle-harbor-golf-club-orange-park,Minor League Golf Tour,Men,Event,,Eagle Harbor Golf Club,2027-02-03,2027-02-03,Orange Park,"Orange Park, FL, USA",https://www.minorleaguegolf.com/index_events.asp,https://www.minorleaguegolf.com/welcomereg2017.asp?event_ID=5259,,
minor-league-golf-tour-2027-12-31-2027-monday-qualifier-contest-1-presented-by-abacoa-gc-stuart,Minor League Golf Tour,Men,Event,,2027 Monday Qualifier Contest #1 presented by Abacoa GC,2027-12-31,2027-12-31,Stuart,"Stuart, FL, USA",https://www.minorleaguegolf.com/index_events.asp,https://www.minorleaguegolf.com/welcomereg2017.asp?event_ID=5371,,
minor-league-golf-tour-2027-12-31-2027-monday-qualifier-contest-2-presented-by-abacoa-gc-stuart,Minor League Golf Tour,Men,Event,,2027 Monday Qualifier Contest #2 presented by Abacoa GC,2027-12-31,2027-12-31,Stuart,"Stuart, FL, USA",https://www.minorleaguegolf.com/index_events.asp,https://www.minorleaguegolf.com/welcomereg2017.asp?event_ID=5372,,
minor-league-golf-tour-2027-12-31-2027-monday-qualifier-contest-3-presented-by-abacoa-gc-stuart,Minor League Golf Tour,Men,Event,,2027 Monday Qualifier Contest #3 presented by Abacoa GC,2027-12-31,2027-12-31,Stuart,"Stuart, FL, USA",https://www.minorleaguegolf.com/index_events.asp,https://www.minorleaguegolf.com/welcomereg2017.asp?event_ID=5373,,
minor-league-golf-tour-2027-12-31-2027-monday-qualifier-contest-4-presented-by-abacoa-gc-stuart,Minor League Golf Tour,Men,Event,,2027 Monday Qualifier Contest #4 presented by Abacoa GC,2027-12-31,2027-12-31,Stuart,"Stuart, FL, USA",https://www.minorleaguegolf.com/index_events.asp,https://www.minorleaguegolf.com/welcomereg2017.asp?event_ID=5374,,
minor-league-golf-tour-2027-12-31-2027-monday-qualifier-contest-5-presented-by-abacoa-gc-stuart,Minor League Golf Tour,Men,Event,,2027 Monday Qualifier Contest #5 presented by Abacoa GC,2027-12-31,2027-12-31,Stuart,"Stuart, FL, USA",https://www.minorleaguegolf.com/index_events.asp,https://www.minorleaguegolf.com/welcomereg2017.asp?event_ID=5375,,
minor-league-golf-tour-2027-12-31-2027-monday-qualifier-contest-6-presented-by-abacoa-gc-stuart,Minor League Golf Tour,Men,Event,,2027 Monday Qualifier Contest #6 presented by Abacoa GC,2027-12-31,2027-12-31,Stuart,"Stuart, FL, USA",https://www.minorleaguegolf.com/index_events.asp,https://www.minorleaguegolf.com/welcomereg2017.asp?event_ID=5376,,
minor-league-golf-tour-2027-12-31-2027-qualifying-school-contest-1-presented-by-britto-and-herman-injury-lawyers-stuart,Minor League Golf Tour,Men,Event,,2027 Qualifying School Contest #1 presented by Britto & Herman Injury Lawyers,2027-12-31,2027-12-31,Stuart,"Stuart, FL, USA",https://www.minorleaguegolf.com/index_events.asp,https://www.minorleaguegolf.com/welcomereg2017.asp?event_ID=5377,,
minor-league-golf-tour-2027-12-31-2027-qualifying-school-contest-2-presented-by-britto-and-herman-injury-lawyers-stuart,Minor League Golf Tour,Men,Event,,2027 Qualifying School Contest #2 presented by Britto & Herman Injury Lawyers,2027-12-31,2027-12-31,Stuart,"Stuart, FL, USA",https://www.minorleaguegolf.com/index_events.asp,https://www.minorleaguegolf.com/welcomereg2017.asp?event_ID=5378,,
minor-league-golf-tour-2027-12-31-2027-qualifying-school-contest-3-presented-by-britto-and-herman-injury-lawyers-stuart,Minor League Golf Tour,Men,Event,,2027 Qualifying School Contest #3 presented by Britto & Herman Injury Lawyers,2027-12-31,2027-12-31,Stuart,"Stuart, FL, USA",https://www.minorleaguegolf.com/index_events.asp,https://www.minorleaguegolf.com/welcomereg2017.asp?event_ID=5379,,
minor-league-golf-tour-2027-12-31-2027-qualifying-school-contest-4-presented-by-britto-and-herman-injury-lawyers-stuart,Minor League Golf Tour,Men,Event,,2027 Qualifying School Contest #4 presented by Britto & Herman Injury Lawyers,2027-12-31,2027-12-31,Stuart,"Stuart, FL, USA",https://www.minorleaguegolf.com/index_events.asp,https://www.minorleaguegolf.com/welcomereg2017.asp?event_ID=5380,,
minor-league-golf-tour-2027-12-31-2027-qualifying-school-contest-5-presented-by-britto-and-herman-injury-lawyers-stuart,Minor League Golf Tour,Men,Event,,2027 Qualifying School Contest #5 presented by Britto & Herman Injury Lawyers,2027-12-31,2027-12-31,Stuart,"Stuart, FL, USA",https://www.minorleaguegolf.com/index_events.asp,https://www.minorleaguegolf.com/welcomereg2017.asp?event_ID=5381,,
minor-league-golf-tour-2027-12-31-2027-qualifying-school-contest-6-presented-by-britto-and-herman-injury-lawyers-stuart,Minor League Golf Tour,Men,Event,,2027 Qualifying School Contest #6 presented by Britto & Herman Injury Lawyers,2027-12-31,2027-12-31,Stuart,"Stuart, FL, USA",https://www.minorleaguegolf.com/index_events.asp,https://www.minorleaguegolf.com/welcomereg2017.asp?event_ID=5382,,
minor-league-golf-tour-2027-12-31-2027-lake-county-open-1k-added-money-howie-in-the-hills,Minor League Golf Tour,Men,Event,,2027 Lake County Open - $1K ADDED MONEY!,2027-12-31,2027-12-31,Howie-In-The-Hills,"Howie-In-The-Hills, FL, USA",https://www.minorleaguegolf.com/index_events.asp,https://www.minorleaguegolf.com/welcomereg2017.asp?event_ID=5390,,
minor-league-golf-tour-2027-12-31-mission-resort-las-colinas-howie-in-the-hills,Minor League Golf Tour,Men,Event,,Mission Resort - Las Colinas,2027-12-31,2027-12-31,Howie-In-The-Hills,"Howie-In-The-Hills, FL, USA",https://www.minorleaguegolf.com/index_events.asp,https://www.minorleaguegolf.com/welcomereg2017.asp?event_ID=5391,,
